{
  "summary": {
    "total_operations": 11,
    "total_time": 18.435701930022333,
    "avg_time": 1.6759729027293029,
    "total_time_ms": 18435.701930022333,
    "avg_time_ms": 1675.9729027293029
  },
  "by_operation": {
    "sql_data_retrieval": {
      "count": 1,
      "total_time": 1.2485154350288212,
      "avg_time": 1.2485154350288212,
      "min_time": 1.2485154350288212,
      "max_time": 1.2485154350288212,
      "total_time_ms": 1248.5154350288212,
      "avg_time_ms": 1248.5154350288212
    },
    "data_grouping": {
      "count": 1,
      "total_time": 5.135702667757869e-05,
      "avg_time": 5.135702667757869e-05,
      "min_time": 5.135702667757869e-05,
      "max_time": 5.135702667757869e-05,
      "total_time_ms": 0.05135702667757869,
      "avg_time_ms": 0.05135702667757869
    },
    "title_embedding_generation": {
      "count": 1,
      "total_time": 0.008734785951673985,
      "avg_time": 0.008734785951673985,
      "min_time": 0.008734785951673985,
      "max_time": 0.008734785951673985,
      "total_time_ms": 8.734785951673985,
      "avg_time_ms": 8.734785951673985
    },
    "title_vector_insert": {
      "count": 1,
      "total_time": 3.0145789100206457,
      "avg_time": 3.0145789100206457,
      "min_time": 3.0145789100206457,
      "max_time": 3.0145789100206457,
      "total_time_ms": 3014.5789100206457,
      "avg_time_ms": 3014.5789100206457
    },
    "title_embedding": {
      "count": 1,
      "total_time": 3.0236428159987554,
      "avg_time": 3.0236428159987554,
      "min_time": 3.0236428159987554,
      "max_time": 3.0236428159987554,
      "total_time_ms": 3023.6428159987554,
      "avg_time_ms": 3023.6428159987554
    },
    "description_embedding_generation": {
      "count": 1,
      "total_time": 0.01878699299413711,
      "avg_time": 0.01878699299413711,
      "min_time": 0.01878699299413711,
      "max_time": 0.01878699299413711,
      "total_time_ms": 18.78699299413711,
      "avg_time_ms": 18.78699299413711
    },
    "description_vector_insert": {
      "count": 1,
      "total_time": 2.513976409973111,
      "avg_time": 2.513976409973111,
      "min_time": 2.513976409973111,
      "max_time": 2.513976409973111,
      "total_time_ms": 2513.976409973111,
      "avg_time_ms": 2513.976409973111
    },
    "description_embedding": {
      "count": 1,
      "total_time": 2.5331496699946,
      "avg_time": 2.5331496699946,
      "min_time": 2.5331496699946,
      "max_time": 2.5331496699946,
      "total_time_ms": 2533.1496699946,
      "avg_time_ms": 2533.1496699946
    },
    "parallel_entity_collection": {
      "count": 1,
      "total_time": 0.1885950700379908,
      "avg_time": 0.1885950700379908,
      "min_time": 0.1885950700379908,
      "max_time": 0.1885950700379908,
      "total_time_ms": 188.5950700379908,
      "avg_time_ms": 188.5950700379908
    },
    "process_single_opportunity": {
      "count": 1,
      "total_time": 5.746273035008926,
      "avg_time": 5.746273035008926,
      "min_time": 5.746273035008926,
      "max_time": 5.746273035008926,
      "total_time_ms": 5746.273035008926,
      "avg_time_ms": 5746.273035008926
    },
    "cleanup_operations": {
      "count": 1,
      "total_time": 0.13939744798699394,
      "avg_time": 0.13939744798699394,
      "min_time": 0.13939744798699394,
      "max_time": 0.13939744798699394,
      "total_time_ms": 139.39744798699394,
      "avg_time_ms": 139.39744798699394
    }
  },
  "by_category": {},
  "bottlenecks": [
    {
      "operation": "process_single_opportunity",
      "total_time": 5.746273035008926,
      "percentage": 31.16926633344611,
      "avg_time_ms": 5746.273035008926
    },
    {
      "operation": "title_embedding",
      "total_time": 3.0236428159987554,
      "percentage": 16.401018130341903,
      "avg_time_ms": 3023.6428159987554
    },
    {
      "operation": "title_vector_insert",
      "total_time": 3.0145789100206457,
      "percentage": 16.351853167637938,
      "avg_time_ms": 3014.5789100206457
    },
    {
      "operation": "description_embedding",
      "total_time": 2.5331496699946,
      "percentage": 13.74045685708009,
      "avg_time_ms": 2533.1496699946
    },
    {
      "operation": "description_vector_insert",
      "total_time": 2.513976409973111,
      "percentage": 13.636456151849194,
      "avg_time_ms": 2513.976409973111
    }
  ],
  "threads_used": [
    "ThreadPoolExecutor-0_0",
    "Thread-10 (process_embeddings_background)"
  ],
  "raw_timings": [
    {
      "operation": "sql_data_retrieval",
      "duration": 1.2485154350288212,
      "duration_ms": 1248.5154350288212,
      "thread_id": "Thread-10 (process_embeddings_background)",
      "metadata": {
        "row_count": 0
      }
    },
    {
      "operation": "data_grouping",
      "duration": 5.135702667757869e-05,
      "duration_ms": 0.05135702667757869,
      "thread_id": "Thread-10 (process_embeddings_background)",
      "metadata": {}
    },
    {
      "operation": "title_embedding_generation",
      "duration": 0.008734785951673985,
      "duration_ms": 8.734785951673985,
      "thread_id": "ThreadPoolExecutor-0_0",
      "metadata": {}
    },
    {
      "operation": "title_vector_insert",
      "duration": 3.0145789100206457,
      "duration_ms": 3014.5789100206457,
      "thread_id": "ThreadPoolExecutor-0_0",
      "metadata": {}
    },
    {
      "operation": "title_embedding",
      "duration": 3.0236428159987554,
      "duration_ms": 3023.6428159987554,
      "thread_id": "ThreadPoolExecutor-0_0",
      "metadata": {}
    },
    {
      "operation": "description_embedding_generation",
      "duration": 0.01878699299413711,
      "duration_ms": 18.78699299413711,
      "thread_id": "ThreadPoolExecutor-0_0",
      "metadata": {}
    },
    {
      "operation": "description_vector_insert",
      "duration": 2.513976409973111,
      "duration_ms": 2513.976409973111,
      "thread_id": "ThreadPoolExecutor-0_0",
      "metadata": {}
    },
    {
      "operation": "description_embedding",
      "duration": 2.5331496699946,
      "duration_ms": 2533.1496699946,
      "thread_id": "ThreadPoolExecutor-0_0",
      "metadata": {}
    },
    {
      "operation": "parallel_entity_collection",
      "duration": 0.1885950700379908,
      "duration_ms": 188.5950700379908,
      "thread_id": "ThreadPoolExecutor-0_0",
      "metadata": {}
    },
    {
      "operation": "process_single_opportunity",
      "duration": 5.746273035008926,
      "duration_ms": 5746.273035008926,
      "thread_id": "ThreadPoolExecutor-0_0",
      "metadata": {
        "opportunity_id": "9EE78197-F778-49E9-97A2-009FB72AC8E2",
        "file_count": 0
      }
    },
    {
      "operation": "cleanup_operations",
      "duration": 0.13939744798699394,
      "duration_ms": 139.39744798699394,
      "thread_id": "Thread-10 (process_embeddings_background)",
      "metadata": {}
    }
  ]
}